<assembly>
    <id>client</id>
    <formats>
        <format>zip</format>
    </formats>
    <includeBaseDirectory>true</includeBaseDirectory>
    <fileSets>
        <fileSet>
            <directory>${project.basedir}</directory>
            <outputDirectory></outputDirectory>
            <includes>
                <include>README*</include>
                <include>NOTICE*</include>
                <include>LICENSE*</include>
            </includes>
        </fileSet>
        <fileSet>
            <directory>${project.basedir}/src/samples</directory>
            <outputDirectory>samples</outputDirectory>
        </fileSet>
        <fileSet>
            <directory>${project.build.directory}/licenses</directory>
            <outputDirectory>licenses</outputDirectory>
        </fileSet>
        <fileSet>
            <directory>${project.build.directory}/docs</directory>
            <outputDirectory>docs</outputDirectory>
        </fileSet>
    </fileSets>

    <dependencySets>
        <dependencySet>
            <outputDirectory>lib</outputDirectory>
            <useProjectArtifact>true</useProjectArtifact>
            <includes>
                <include>*:jar</include>
            </includes>
        </dependencySet>
    </dependencySets>
</assembly>