<assembly>
  <id>merlin-db-migration</id>
  <formats>
    <format>tar.gz</format>
  </formats>
  <includeBaseDirectory>false</includeBaseDirectory>
  <fileSets>
    <fileSet>
      <directory>${project.basedir}/src/main/migration</directory>
      <outputDirectory>migrations</outputDirectory>
    </fileSet>
  </fileSets>
  <dependencySets>
    <dependencySet>
      <outputDirectory>migrations/lib</outputDirectory>
      <excludes>
	<exclude>oracle:ojdbc6</exclude>
      </excludes>
    </dependencySet>
    <dependencySet>
      <outputDirectory>migrations/drivers</outputDirectory>
      <includes>
	<include>oracle:ojdbc6</include>
      </includes>
    </dependencySet>
  </dependencySets>
</assembly>
