<?xml version="1.0"?>
<!-- 
This is an ant based deploy script for the Sample Data Service.  It's intended use is to deploy the defined webapp to 
a single test server.  In order to use this script to automatically deploy to an environment, you probably need some
sort of driver.  That could be a batch file or another ant build file that calls this script once per server.

A couple of properties need to be specified at run time for this to work.  See the init-properties target 
for more information.

This script is intended to be used as a template for all Data Service (or business services for that matter).  In 
order to do so, follow the directions below. 

In order to use this as a template for other services, follow these steps:
1. Copy this into a deploy folder for your service project
2. Modify the following properties in this build file (if necessary)
	a. webapp.project.path -> should be a relative reference from this script location 
		to the directory that contains the pom.xml for the webapp you want to deploy
	b. file.prefix -> the name to use as the prefix for the WAR file and Config file target names
	c. domain credentials: domain, user and password
	d. service.name -> whatever you named the Java Service Wrapper service (should work with net stop 'service.name')
	e. rolling.deploy -> whether or not you want to run alive check by default before the script finishes
	f. alivecheck.url -> the url to use for the alive check if it's enabled
	
Usage directions
-->
<project name="service-deployer" default="deploy-server" xmlns:artifact="antlib:org.apache.maven.artifact.ant">
	
	<target name="init" depends="init-tasks,init-properties" />
	
	<target name="init-properties">
	
		<!-- The following properties need to be specified externally.
		I.e.: on command line or in a driver script or program -->
		<property name="server" value="value-not-specified!"/> <!-- the server to deploy to -->
		<property name="config" value="value-not-specified!"/> <!-- the name of the source config.  i.e.: entityDataService_dev_config.xml -->
		
		<!-- the (relative) path to the base directory of the service's webapp that we're deploying -->
		<property name="webapp.project.path" value="../webapp"/>
		
		<!-- product name is used for things like service name, base directory, config name, etc -->
		<property name="product.name" value="entityDataService"/>
		<!-- webapp context is used for things like WAR file name & alivecheck.url -->
		<property name="webapp.context" value="sample"/>
		
		<!-- domain credentials -->
		<property name="domain" value="qa"/>
		<property name="user" value="builder"/>
		<property name="password" value="oatmeal"/>		
		
		<!-- remote service details -->
		<property name="service.name" value="${product.name}_2"/>
		<property name="service.port" value="8080"/>
		<property name="rolling.deploy" value="false"/>
		<property name="alivecheck.url" value="http://${server}:${service.port}/${webapp.context}/alive"/>
		<property name="alivecheck.timeout" value="240" /> <!-- number of seconds to poll the alive check before a failure -->

		<!-- target server defaults -->
		<property name="dest.share" value="E$"/>
		<property name="dest.dir" value="${product.name}-2.0-jetty-6.1.5"/>
<!--===========================================================================================================-->		
<!-- DO NOT MODIFY ANYTHING FROM HERE DOWN - IT'S INTENDED TO WORK FOR ANY SERVICE -->
<!--===========================================================================================================-->
		
		<!-- create a reference to the webapp pom - this is where we'll get WAR name and version info -->    
		<artifact:pom id="webapp.pom" file="${webapp.project.path}/pom.xml"/>
		
		<!-- usage message - gets printed if an expected error occurs -->
		<property name="USAGE" value="USAGE: ant -f service-deployer.xml -Dserver={name of server to deploy to} -Dconfig={name of config file to deploy i.e.: SampleDataService_dev_config.xml}"/>

		<!-- war-file details -->
		<property name="war.src.file" value="${webapp.project.path}/target/${webapp.pom.artifactId}-${webapp.pom.version}.war"/>
		<property name="war.target.drive" value="${dest.share}"/>
		<property name="war.target.dir" value="${dest.dir}/webapps"/>
		<property name="war.target.name" value="${webapp.context}.war"/>
		
		<!-- config-file details -->
		<property name="config.src.file" value="${webapp.project.path}/target/config/${config}"/>
		<property name="config.target.drive" value="${dest.share}"/>
		<property name="config.target.dir" value="${dest.dir}/config"/>
		<property name="config.target.name" value="${product.name}Configuration.xml"/>
	</target>
	
	<!-- Sets up custom task definitions for deployBot & antContrib -->
	<target name="init-tasks">
		<artifact:remoteRepository id="remote.repository" url="http://tpmaven01/px-webapp/repository/default"/>
		<artifact:dependencies pathId="maven.deps.classpath">
			<remoteRepository refid="remote.repository"/>
			<dependency groupId="com.theplatform.test.deploybot" artifactId="pl-test-deploybot-tasks"
				version="1.0.2"/>
		</artifact:dependencies>
		
		<taskdef name="service" classname="com.theplatform.tools.ant.ServiceControlTask">
			<classpath refid="maven.deps.classpath"/>
		</taskdef>
		<taskdef name="deploy" classname="com.theplatform.tools.ant.DeployTask">
			<classpath refid="maven.deps.classpath"/>
		</taskdef>
		<taskdef name="alivecheck" classname="com.theplatform.tools.ant.AliveCheckTask">
			<classpath refid="maven.deps.classpath"/>
		</taskdef>	
		<taskdef resource="net/sf/antcontrib/antlib.xml"/>
	</target>
	
	<!-- convenience target that executes the rest -->
	<target name="deploy-server" depends="init">
		<!-- preliminary checks - if server or config aren't specified, then fail -->
		<if>
			<equals arg1="server" arg2="value-not-specified"/>
			<then>
				<fail message="${USAGE}"/>
			</then>
		</if>
		<if>
			<equals arg1="config" arg2="value-not-specified"/>
			<then>
				<fail message="${USAGE}"/>
			</then>
		</if>
		<!-- deploy away... -->
		<antcall target="stop-service" inheritrefs="true"/>
		<antcall target="deploy-files" inheritrefs="true"/>
		<antcall target="start-service" inheritrefs="true"/>
	</target>

	<!-- stops the remote service -->
	<target name="stop-service">
		<echo message="stopping service ${service.name} on server ${server}..." />
		<service
			command="stop"
			service="${service.name}"
			server="${server}"
			user="${domain}\${user}"
			password="${password}"
			seconds="120"/>
	</target>

	<target name="deploy-files">
		<antcall target="deploy.war" inheritrefs="true"/>
		<antcall target="deploy-config" inheritrefs="true"/>
	</target>

	<!-- deploy war -->	
	<target name="deploy.war">
    <copy file="${war.src.file}" tofile="./${war.target.name}" overwrite="true"/>
		<deploy server="${server}" user="${user}" password="${password}"
			smbshare="${war.target.drive}" smbdomain="${domain}" protocol="smb"
			targetdir="${war.target.dir}">
			<fileset file="${war.target.name}"/>
		</deploy>
	</target>

	<!-- deploy config -->
	<target name="deploy-config">
		<copy file="${config.src.file}" tofile="./${config.target.name}" overwrite="true"/>
		<deploy server="${server}" user="${user}" password="${password}"
			smbshare="${config.target.drive}" smbdomain="${domain}" protocol="smb"
			targetdir="${config.target.dir}">
			<fileset file="${config.target.name}"/>
		</deploy>
	</target>

	<!-- start a remote service (includes alive check unless otherwise specified) -->
	<target name="start-service">
		<echo message="starting service ${service.name} on server ${server}..." />
		<service
			command="start"
			service="${service.name}"
			server="${server}"
			user="${domain}\${user}"
			password="${password}"
			seconds="300"/>
			
		<!-- alive check (always happens unless rolling.deploy == something other than 'true') -->
		<if>
			<equals arg1="${rolling.deploy}" arg2="true"/>
			<then>
				<alivecheck url="${alivecheck.url}" seconds="${alivecheck.timeout}"/>
			</then>
		</if>
	</target>
</project>
